{"cameraMode":{"drawMode":0,"name":"Shaded","section":"Shading Mode"},"sceneLighting":true,"audioPlay":false,"sceneViewState":{"showFog":true,"showMaterialUpdate":true,"showSkybox":true,"showFlares":true,"showImageEffects":true,"showParticleSystems":true},"in2DMode":false,"pivot":{"x":0.18821489810943604,"y":0.15451115369796754,"z":0.10064983367919922},"rotation":{"x":-0.04992644488811493,"y":0.8982378840446472,"z":-0.10585833340883255,"w":-0.42364072799682619},"size":0.6970900297164917,"orthographic":false}