{"cameraMode":{"drawMode":0,"name":"Shaded","section":"Shading Mode"},"sceneLighting":true,"audioPlay":false,"sceneViewState":{"showFog":true,"showMaterialUpdate":true,"showSkybox":true,"showFlares":true,"showImageEffects":true,"showParticleSystems":true},"in2DMode":false,"pivot":{"x":0.0,"y":1.2970000505447388,"z":-0.08500000089406967},"rotation":{"x":-0.04992644488811493,"y":0.8982378840446472,"z":-0.10585833340883255,"w":-0.42364072799682619},"size":22.441146850585939,"orthographic":false}