{"cameraMode":{"drawMode":0,"name":"Shaded","section":"Shading Mode"},"sceneLighting":true,"audioPlay":false,"sceneViewState":{"showFog":true,"showMaterialUpdate":false,"showSkybox":true,"showFlares":true,"showImageEffects":true,"showParticleSystems":true},"in2DMode":false,"pivot":{"x":-0.15088510513305665,"y":0.1078634262084961,"z":0.0785832405090332},"rotation":{"x":0.05352736636996269,"y":-0.4015866816043854,"z":0.023519640788435937,"w":0.9139533042907715},"size":10.50999927520752,"orthographic":true}