{"cameraMode":{"drawMode":0,"name":"Shaded","section":"Shading Mode"},"sceneLighting":true,"audioPlay":false,"sceneViewState":{"showFog":true,"showMaterialUpdate":true,"showSkybox":true,"showFlares":true,"showImageEffects":true,"showParticleSystems":true},"in2DMode":false,"pivot":{"x":-2.5794050693511965,"y":7.598172187805176,"z":38.088096618652347},"rotation":{"x":0.03720386326313019,"y":0.12349539995193482,"z":-0.004633473232388496,"w":0.9916406869888306},"size":4.75925350189209,"orthographic":true}